3007_brick_2x8,3034_plate_2x8,22888_plate_round_4x8,4162_tile_1x8,4445_slope_2x8,4854_slope_inverted_4x4,4743_arch_2x8x3,3703_technic_brick_1x16,322177_liftarm_1x15,3708_axle_12,3649_gear_40tooth
2456_brick_2x6,3795_plate_2x6,18646_plate_round_3x6,69729_tile_2x6,23949_slope_2x6,22889_slope_inverted_6x2,3308_arch_1x8x2,32018_technic_brick_1x14,41239_liftarm_1x13,3737_axle_10,32498_gear_36tooth
3001_brick_2x4,3020_plate_2x4,60474_plate_round_4x4,87079_tile_2x4,3037_slope_2x4,4871_slope_inverted_4x2,3307_arch_1x6x2,3895_technic_brick_1x12,32525_liftarm_1x11,60485_axle_9,46372_gear_28tooth
3002_brick_2x3,3021_plate_2x3,3176_plate_round_2x3,26603_tile_2x3,3038_slope_2x3,3747_slope_inverted_3x2,3455_arch_1x6,2703_technic_brick_1x10,40490_liftarm_1x9,3707_axle_8,3648_gear_24tooth
3003_brick_2x2,3022_plate_2x2,4032_plate_round_2x2,3068_tile_2x2,3039_slope_2x2,3660_slope_inverted_2x2,2339_arch_1x5x4,3702_technic_brick_1x8,32524_liftarm_1x7,44294_axle_7,32269_gear_20tooth
3004_brick_1x2,3023_plate_1x2,35480_plate_round_1x2,3069_tile_1x2,3040_slope_2x1,3665_slope_inverted_2x1,6182_arch_1x4x2,3894_technic_brick_1x6,32316_liftarm_1x5,3706_axle_6,3650_gear_20tooth_crown
3005_brick_1x1,3024_plate_1x1,4073_plate_round_1x1,3070_tile_1x1,54200_slope_1x1,2310_slope_inverted_1x1,3659_arch_1x4,3701_technic_brick_1x4,32523_liftarm_1x3,32073_axle_5,4019_gear_16tooth
3622_brick_1x3,3623_plate_1x3,77850_plate_round_1x3,63864_tile_1x3,4286_slope_3x1,4287_slope_inverted_3x1,13965_arch_1x3x3,5565_technic_brick_1x3,43857_liftarm_1x2,3705_axle_4,4143_gear_14tooth_bevel
3010_brick_1x4,3710_plate_1x4,77845_plate_round_1x4,2431_tile_1x4,60477_slope_4x1,32802_slope_inverted_4x1,4490_arch_1x3,3700_technic_brick_1x2,18654_liftarm_1x1,4519_axle_3,6589_gear_12tooth_bevel
3009_brick_1x6,3666_plate_1x6,11213_plate_round_6x6,6636_tile_1x6,4569_slope_6x1,52501_slope_inverted_6x1,38583_arch_1x1,6541_technic_brick_1x1,6629_liftarm_bent,3704_axle_2,3647_gear_8tooth
